Workbook

Sheet 外派员工-分社
A1: 中国船级社新加坡分社 | AC1: 折算汇率
A2: 2026年1月份工资发放计算表（外派员工） | AC2: 5.5783
A3: 序号 | B3: 姓名 | C3: 基本工资(RMB) | I3: 驻外岗级 | J3: 岗位工资 (RMB) | K3: 补贴(RMB) | R3: 其他 （RMB） | S3: 基本工资、岗位工 资、补贴及其他合计 | U3: 房租（SGD） | V3: 奖金预支（SGD） | W3: 应发工资 （SGD） | X3: 扣发 | AA3: 实发工资 （SGD） | AB3: 备注 | AC3: EP符合性 | AD3: 邮箱 | AF3: 外派员工各项分类 | AG3: 左表汇总(SGD)
C4: 档案工资 | G4: 地区 系数 | H4: 驻外基本工资 | K4: 生活补贴 | O4: 检验补贴 | Q4: 补贴合计 | AF4: 基本工资 | AG4: =ROUND(H21/$AC$2,0) -> 2
C5: 岗级 | D5: 岗位工资 | E5: 薪级 | F5: 薪级工资 | K5: 午餐补贴 | L5: 交通补贴 | M5: 艰苦地区 | N5: 危险地区 | O5: 出海补贴 | P5: 行车补贴 | S5: RMB | T5: SGD | X5: RMB | Y5: SGD | Z5: 合计(SGD) | AF5: 岗位工资 | AG5: =ROUND(J21/$AC$2,0)+ROUND(R21/$AC$2,0) -> 0
A6: 1 | B6: 陈子利 | C6: 1 | D6: 2 | E6: 3 | F6: 4 | G6: 2 | H6: =(D6+F6)*G6 -> 12 | I6: 1 | J6: 1 | K6: 1 | L6: 1 | M6: 11 | O6: 1 | P6: 1 | Q6: =SUM(K6:P6) -> 15 | R6: 1 | S6: =SUM(H6,J6,Q6,R6) -> 29 | T6: =ROUND(S6/$AC$2,0) -> 5 | U6: 1 | W6: =ROUND(T6+U6+V6,0) -> 6 | Z6: =ROUND(X6/$AC$2+Y6,0) -> 0 | AA6: =W6-Z6 -> 6 | AC6: =AA6-12000 -> -11994 | AD6: zlchen@ccs.org.cn | AF6: 午餐补贴 | AG6: =ROUND(K21/$AC$2,0) -> 0
A7: 2 | B7: 陈予 | G7: 2 | H7: =(D7+F7)*G7 -> 0 | Q7: =SUM(K7:P7) -> 0 | S7: =SUM(H7,J7,Q7,R7) -> 0 | T7: =ROUND(S7/$AC$2,0) -> 0 | W7: =ROUND(T7+U7+V7,0) -> 0 | Z7: =ROUND(X7/$AC$2+Y7,0) -> 0 | AA7: =W7-Z7 -> 0 | AC7: =AA7-12000 -> -12000 | AD7: y_chen@ccs.org.cn | AF7: 交通补贴 | AG7: =ROUND(L21/$AC$2,0) -> 0
A8: 3 | B8: 范云志 | G8: 2 | H8: =(D8+F8)*G8 -> 0 | Q8: =SUM(K8:P8) -> 0 | S8: =SUM(H8,J8,Q8,R8) -> 0 | T8: =ROUND(S8/$AC$2,0) -> 0 | W8: =ROUND(T8+U8+V8,0) -> 0 | Z8: =ROUND(X8/$AC$2+Y8,0) -> 0 | AA8: =W8-Z8 -> 0 | AC8: =AA8-12000 -> -12000 | AD8: yzfan@ccs.org.cn | AF8: 艰苦地区 | AG8: =ROUND(M21/$AC$2,0) -> 2
A9: 4 | B9: 廖立 | G9: 2 | H9: =(D9+F9)*G9 -> 0 | Q9: =SUM(K9:P9) -> 0 | S9: =SUM(H9,J9,Q9,R9) -> 0 | T9: =ROUND(S9/$AC$2,0) -> 0 | W9: =ROUND(T9+U9+V9,0) -> 0 | Z9: =ROUND(X9/$AC$2+Y9,0) -> 0 | AA9: =W9-Z9 -> 0 | AC9: =AA9-12000 -> -12000 | AD9: lliao@ccs.org.cn | AF9: 危险地区 | AG9: =ROUND(N21/$AC$2,0) -> 0
A10: 5 | B10: 于志强 | G10: 2 | H10: =(D10+F10)*G10 -> 0 | Q10: =SUM(K10:P10) -> 0 | S10: =SUM(H10,J10,Q10,R10) -> 0 | T10: =ROUND(S10/$AC$2,0) -> 0 | W10: =ROUND(T10+U10+V10,0) -> 0 | Z10: =ROUND(X10/$AC$2+Y10,0) -> 0 | AA10: =W10-Z10 -> 0 | AC10: =AA10-12000 -> -12000 | AD10: yuzhiqiang@ccs.org.cn | AF10: 出海补贴 | AG10: =ROUND(O21/$AC$2,0) -> 0
A11: 6 | B11: 王华亮 | G11: 2 | H11: =(D11+F11)*G11 -> 0 | Q11: =SUM(K11:P11) -> 0 | S11: =SUM(H11,J11,Q11,R11) -> 0 | T11: =ROUND(S11/$AC$2,0) -> 0 | W11: =ROUND(T11+U11+V11,0) -> 0 | Z11: =ROUND(X11/$AC$2+Y11,0) -> 0 | AA11: =W11-Z11 -> 0 | AC11: =AA11-12000 -> -12000 | AD11: wanghualiang@ccs.org.cn | AF11: 行车补贴 | AG11: =ROUND(P21/$AC$2,0) -> 0
A12: 7 | B12: 韩宗兴 | G12: 2 | H12: =(D12+F12)*G12 -> 0 | Q12: =SUM(K12:P12) -> 0 | S12: =SUM(H12,J12,Q12,R12) -> 0 | T12: =ROUND(S12/$AC$2,0) -> 0 | W12: =ROUND(T12+U12+V12,0) -> 0 | Z12: =ROUND(X12/$AC$2+Y12,0) -> 0 | AA12: =W12-Z12 -> 0 | AC12: =AA12-12000 -> -12000 | AD12: zxhan@ccs.org.cn | AF12: 其他工资
A13: 8 | B13: 倪文峰 | G13: 2 | H13: =(D13+F13)*G13 -> 0 | Q13: =SUM(K13:P13) -> 0 | S13: =SUM(H13,J13,Q13,R13) -> 0 | T13: =ROUND(S13/$AC$2,0) -> 0 | W13: =ROUND(T13+U13+V13,0) -> 0 | Z13: =ROUND(X13/$AC$2+Y13,0) -> 0 | AA13: =W13-Z13 -> 0 | AC13: =AA13-12000 -> -12000 | AD13: niwf@ccs.org.cn | AF13: 房租 | AG13: =U21 -> 1
A14: 9 | B14: 周维 | G14: 2 | H14: =(D14+F14)*G14 -> 0 | Q14: =SUM(K14:P14) -> 0 | S14: =SUM(H14,J14,Q14,R14) -> 0 | T14: =ROUND(S14/$AC$2,0) -> 0 | W14: =ROUND(T14+U14+V14,0) -> 0 | Z14: =ROUND(X14/$AC$2+Y14,0) -> 0 | AA14: =W14-Z14 -> 0 | AC14: =AA14-12000 -> -12000 | AD14: zhouwei@ccs.org.cn | AF14: 调整房租 | AG14: -3
A15: 10 | B15: 乐科铭 | G15: 2 | H15: =(D15+F15)*G15 -> 0 | Q15: =SUM(K15:P15) -> 0 | S15: =SUM(H15,J15,Q15,R15) -> 0 | T15: =ROUND(S15/$AC$2,0) -> 0 | W15: =ROUND(T15+U15+V15,0) -> 0 | Z15: =ROUND(X15/$AC$2+Y15,0) -> 0 | AA15: =W15-Z15 -> 0 | AC15: =AA15-12000 -> -12000 | AD15: kmle@ccs.org.cn | AF15: 调整后的房租 | AG15: =SUM(AG13:AG14) -> -2
A16: 11 | G16: 2 | H16: =(D16+F16)*G16 -> 0 | Q16: =SUM(K16:P16) -> 0 | S16: =SUM(H16,J16,Q16,R16) -> 0 | T16: =ROUND(S16/$AC$2,0) -> 0 | W16: =ROUND(T16+U16+V16,0) -> 0 | Z16: =ROUND(X16/$AC$2+Y16,0) -> 0 | AA16: =W16-Z16 -> 0 | AC16: =AA16-12000 -> -12000 | AF16: 奖金 | AG16: =V21 -> 0
A17: 12 | G17: 2 | H17: =(D17+F17)*G17 -> 0 | Q17: =SUM(K17:P17) -> 0 | S17: =SUM(H17,J17,Q17,R17) -> 0 | T17: =ROUND(S17/$AC$2,0) -> 0 | W17: =ROUND(T17+U17+V17,0) -> 0 | Z17: =ROUND(X17/$AC$2+Y17,0) -> 0 | AA17: =W17-Z17 -> 0 | AC17: =AA17-12000 -> -12000 | AF17: 扣发 | AG17: =ROUND(Z21,0) -> 0
A18: 13 | G18: 2 | H18: =(D18+F18)*G18 -> 0 | Q18: =SUM(K18:P18) -> 0 | S18: =SUM(H18,J18,Q18,R18) -> 0 | T18: =ROUND(S18/$AC$2,0) -> 0 | W18: =ROUND(T18+U18+V18,0) -> 0 | Z18: =ROUND(X18/$AC$2+Y18,0) -> 0 | AA18: =W18-Z18 -> 0 | AC18: =AA18-12000 -> -12000 | AF18: 外派员工/拟实发工资汇总 | AG18: =SUM(AG4:AG12,AG15,AG16)-AG17 -> 2
A19: 14 | G19: 2 | H19: =(D19+F19)*G19 -> 0 | Q19: =SUM(K19:P19) -> 0 | S19: =SUM(H19,J19,Q19,R19) -> 0 | T19: =ROUND(S19/$AC$2,0) -> 0 | W19: =ROUND(T19+U19+V19,0) -> 0 | Z19: =ROUND(X19/$AC$2+Y19,0) -> 0 | AA19: =W19-Z19 -> 0 | AC19: =AA19-12000 -> -12000 | AF19: =IF(AG18-AA21=0,"左右一致","与工资发放表（左表）汇总数不一致") -> 与工资发放表（左表）汇总数不一致
A20: 15 | G20: 2 | H20: =(D20+F20)*G20 -> 0 | Q20: =SUM(K20:P20) -> 0 | S20: =SUM(H20,J20,Q20,R20) -> 0 | T20: =ROUND(S20/$AC$2,0) -> 0 | W20: =ROUND(T20+U20+V20,0) -> 0 | Z20: =ROUND(X20/$AC$2+Y20,0) -> 0 | AA20: =W20-Z20 -> 0 | AC20: =AA20-12000 -> -12000
B21: 合计 | D21: =SUM(D6:D20) -> 2 | F21: =SUM(F6:F20) -> 4 | H21: =SUM(H6:H20) -> 12 | J21: =SUM(J6:J20) -> 1 | K21: =SUM(K6:K20) -> 1 | L21: =SUM(L6:L20) -> 1 | M21: =SUM(M6:M20) -> 11 | N21: =SUM(N6:N20) -> 0 | O21: =SUM(O6:O20) -> 1 | P21: =SUM(P6:P20) -> 1 | Q21: =SUM(Q6:Q20) -> 15 | ... AA21: =SUM(AA6:AA20) -> 6
F28: 批准： | R28: 制表：

Sheet 外派员工-国际公司（分社代发）
A1: 中国船级社国际有限公司（暂由新加坡分社代发） | AC1: 折算汇率
A2: 2026年1月份工资发放计算表（外派员工） | AC2: 5.5783
A3: 序号 | B3: 姓名 | C3: 基本工资(RMB) | I3: 驻外岗级 | J3: 岗位工资 (RMB) | K3: 补贴(RMB) | R3: 其他 （RMB） | S3: 基本工资、岗位工 资、补贴及其他合计 | U3: 房租（SGD） | V3: 奖金预支（SGD） | W3: 应发工资 （SGD） | X3: 扣发 | AA3: 实发工资 （SGD） | AB3: 备注 | AC3: EP符合性 | AD3: 邮箱 | AF3: 外派员工各项分类 | AG3: 左表汇总(SGD)
C4: 档案工资 | G4: 地区 系数 | H4: 驻外基本工资 | K4: 生活补贴 | O4: 检验补贴 | Q4: 补贴合计 | AF4: 基本工资 | AG4: =ROUND(H21/$AC$2,0) -> 0
C5: 岗级 | D5: 岗位工资 | E5: 薪级 | F5: 薪级工资 | K5: 午餐补贴 | L5: 交通补贴 | M5: 艰苦地区 | N5: 危险地区 | O5: 出海补贴 | P5: 行车补贴 | S5: RMB | T5: SGD | X5: RMB | Y5: SGD | Z5: 合计(SGD) | AF5: 岗位工资 | AG5: =ROUND(J21/$AC$2,0) -> 0
A6: 1 | B6: 钟音 | G6: 2 | H6: =(D6+F6)*G6 -> 0 | Q6: =SUM(K6:P6) -> 0 | S6: =SUM(H6,J6,Q6,R6) -> 0 | T6: =ROUND(S6/$AC$2,0) -> 0 | W6: =ROUND(T6+U6+V6,0) -> 0 | Z6: =ROUND(X6/$AC$2+Y6,0) -> 0 | AA6: =W6-Z6 -> 0 | AC6: =AA6-12000 -> -12000 | AD6: yzhong@ccs.org.cn | AF6: 午餐补贴 | AG6: =ROUND(K21/$AC$2,0) -> 0
A7: 2 | B7: 李江 | G7: 2 | H7: =(D7+F7)*G7 -> 0 | Q7: =SUM(K7:P7) -> 0 | S7: =SUM(H7,J7,Q7,R7) -> 0 | T7: =ROUND(S7/$AC$2,0) -> 0 | W7: =ROUND(T7+U7+V7,0) -> 0 | Z7: =ROUND(X7/$AC$2+Y7,0) -> 0 | AA7: =W7-Z7 -> 0 | AC7: =AA7-12000 -> -12000 | AD7: lijiang@ccs.org.cn | AF7: 交通补贴 | AG7: =ROUND(L21/$AC$2,0) -> 0
A8: 3 | B8: 秦傲寒 | G8: 2 | H8: =(D8+F8)*G8 -> 0 | Q8: =SUM(K8:P8) -> 0 | S8: =SUM(H8,J8,Q8,R8) -> 0 | T8: =ROUND(S8/$AC$2,0) -> 0 | W8: =ROUND(T8+U8+V8,0) -> 0 | Z8: =ROUND(X8/$AC$2+Y8,0) -> 0 | AA8: =W8-Z8 -> 0 | AC8: =AA8-12000 -> -12000 | AD8: ahqin@ccs.org.cn | AF8: 艰苦地区 | AG8: =ROUND(M21/$AC$2,0) -> 0
A9: 4 | B9: 蔡昊成 | G9: 2 | H9: =(D9+F9)*G9 -> 0 | Q9: =SUM(K9:P9) -> 0 | S9: =SUM(H9,J9,Q9,R9) -> 0 | T9: =ROUND(S9/$AC$2,0) -> 0 | W9: =ROUND(T9+U9+V9,0) -> 0 | Z9: =ROUND(X9/$AC$2+Y9,0) -> 0 | AA9: =W9-Z9 -> 0 | AC9: =AA9-12000 -> -12000 | AD9: haochengcai@ccs.org.cn | AF9: 危险地区 | AG9: =ROUND(N21/$AC$2,0) -> 0
A10: 5 | G10: 2 | H10: =(D10+F10)*G10 -> 0 | Q10: =SUM(K10:P10) -> 0 | S10: =SUM(H10,J10,Q10,R10) -> 0 | T10: =ROUND(S10/$AC$2,0) -> 0 | W10: =ROUND(T10+U10+V10,0) -> 0 | Z10: =ROUND(X10/$AC$2+Y10,0) -> 0 | AA10: =W10-Z10 -> 0 | AC10: =AA10-12000 -> -12000 | AF10: 出海补贴 | AG10: =ROUND(O21/$AC$2,0) -> 0
A11: 6 | G11: 2 | H11: =(D11+F11)*G11 -> 0 | Q11: =SUM(K11:P11) -> 0 | S11: =SUM(H11,J11,Q11,R11) -> 0 | T11: =ROUND(S11/$AC$2,0) -> 0 | W11: =ROUND(T11+U11+V11,0) -> 0 | Z11: =ROUND(X11/$AC$2+Y11,0) -> 0 | AA11: =W11-Z11 -> 0 | AC11: =AA11-12000 -> -12000 | AF11: 行车补贴 | AG11: =ROUND(P21/$AC$2,0) -> 0
A12: 7 | G12: 2 | H12: =(D12+F12)*G12 -> 0 | Q12: =SUM(K12:P12) -> 0 | S12: =SUM(H12,J12,Q12,R12) -> 0 | T12: =ROUND(S12/$AC$2,0) -> 0 | W12: =ROUND(T12+U12+V12,0) -> 0 | Z12: =ROUND(X12/$AC$2+Y12,0) -> 0 | AA12: =W12-Z12 -> 0 | AC12: =AA12-12000 -> -12000 | AF12: 其他工资 | AG12: =ROUND(R21/$AC$2,0) -> 0
A13: 8 | G13: 2 | H13: =(D13+F13)*G13 -> 0 | Q13: =SUM(K13:P13) -> 0 | S13: =SUM(H13,J13,Q13,R13) -> 0 | T13: =ROUND(S13/$AC$2,0) -> 0 | W13: =ROUND(T13+U13+V13,0) -> 0 | Z13: =ROUND(X13/$AC$2+Y13,0) -> 0 | AA13: =W13-Z13 -> 0 | AC13: =AA13-12000 -> -12000 | AF13: 房租 | AG13: =U21 -> 0
A14: 9 | G14: 2 | H14: =(D14+F14)*G14 -> 0 | Q14: =SUM(K14:P14) -> 0 | S14: =SUM(H14,J14,Q14,R14) -> 0 | T14: =ROUND(S14/$AC$2,0) -> 0 | W14: =ROUND(T14+U14+V14,0) -> 0 | Z14: =ROUND(X14/$AC$2+Y14,0) -> 0 | AA14: =W14-Z14 -> 0 | AC14: =AA14-12000 -> -12000 | AF14: 调整房租
A15: 10 | G15: 2 | H15: =(D15+F15)*G15 -> 0 | Q15: =SUM(K15:P15) -> 0 | S15: =SUM(H15,J15,Q15,R15) -> 0 | T15: =ROUND(S15/$AC$2,0) -> 0 | W15: =ROUND(T15+U15+V15,0) -> 0 | Z15: =ROUND(X15/$AC$2+Y15,0) -> 0 | AA15: =W15-Z15 -> 0 | AC15: =AA15-12000 -> -12000 | AF15: 调整后的房租 | AG15: =SUM(AG13:AG14) -> 0
A16: 11 | G16: 2 | H16: =(D16+F16)*G16 -> 0 | Q16: =SUM(K16:P16) -> 0 | S16: =SUM(H16,J16,Q16,R16) -> 0 | T16: =ROUND(S16/$AC$2,0) -> 0 | W16: =ROUND(T16+U16+V16,0) -> 0 | Z16: =ROUND(X16/$AC$2+Y16,0) -> 0 | AA16: =W16-Z16 -> 0 | AC16: =AA16-12000 -> -12000 | AF16: 奖金 | AG16: =V21 -> 0
A17: 12 | G17: 2 | H17: =(D17+F17)*G17 -> 0 | Q17: =SUM(K17:P17) -> 0 | S17: =SUM(H17,J17,Q17,R17) -> 0 | T17: =ROUND(S17/$AC$2,0) -> 0 | W17: =ROUND(T17+U17+V17,0) -> 0 | Z17: =ROUND(X17/$AC$2+Y17,0) -> 0 | AA17: =W17-Z17 -> 0 | AC17: =AA17-12000 -> -12000 | AF17: 扣发 | AG17: =ROUND(Z21,0) -> 0
A18: 13 | G18: 2 | H18: =(D18+F18)*G18 -> 0 | Q18: =SUM(K18:P18) -> 0 | S18: =SUM(H18,J18,Q18,R18) -> 0 | T18: =ROUND(S18/$AC$2,0) -> 0 | W18: =ROUND(T18+U18+V18,0) -> 0 | Z18: =ROUND(X18/$AC$2+Y18,0) -> 0 | AA18: =W18-Z18 -> 0 | AC18: =AA18-12000 -> -12000 | AF18: 外派员工/拟实发工资汇总 | AG18: =SUM(AG4:AG12,AG15,AG16)-AG17 -> 0
A19: 14 | G19: 2 | H19: =(D19+F19)*G19 -> 0 | Q19: =SUM(K19:P19) -> 0 | S19: =SUM(H19,J19,Q19,R19) -> 0 | T19: =ROUND(S19/$AC$2,0) -> 0 | W19: =ROUND(T19+U19+V19,0) -> 0 | Z19: =ROUND(X19/$AC$2+Y19,0) -> 0 | AA19: =W19-Z19 -> 0 | AC19: =AA19-12000 -> -12000 | AF19: =IF(AG18-AA21=0,"左右一致","与工资发放表（左表）汇总数不一致") -> 左右一致
A20: 15 | B20: x | G20: 2 | H20: =(D20+F20)*G20 -> 0 | Q20: =SUM(K20:P20) -> 0 | S20: =SUM(H20,J20,Q20,R20) -> 0 | T20: =ROUND(S20/$AC$2,0) -> 0 | W20: =ROUND(T20+U20+V20,0) -> 0 | Z20: =ROUND(X20/$AC$2+Y20,0) -> 0 | AA20: =W20-Z20 -> 0 | AC20: =AA20-12000 -> -12000
B21: 合计 | D21: =SUM(D6:D20) -> 0 | F21: =SUM(F6:F20) -> 0 | H21: =SUM(H6:H20) -> 0 | J21: =SUM(J6:J20) -> 0 | K21: =SUM(K6:K20) -> 0 | L21: =SUM(L6:L20) -> 0 | M21: =SUM(M6:M20) -> 0 | N21: =SUM(N6:N20) -> 0 | O21: =SUM(O6:O20) -> 0 | P21: =SUM(P6:P20) -> 0 | Q21: =SUM(Q6:Q20) -> 0 | ... AA21: =SUM(AA6:AA20) -> 0
F26: 批准： | R26: 制表：

Sheet 属地员工-分社
A1: 中国船级社新加坡分社
A2: 2026年1月份工资发放计算表（属地员工）-SGD
A3: 序号 | B3: 姓名 | C3: 固定工资类 | I3: 浮动工资类 | N3: 应发工资合计 | O3: 个人CPF扣除 | R3: 其他扣发 | S3: 扣发合计 | T3: 实发工资 | U3: 备注 | V3: 邮箱 | X3: 属地员工各项分类 | Y3: 左表汇总(SGD)
C4: 合同工资 | D4: 补贴 | E4: 驾车补贴 | F4: 外勤补贴 | G4: 加班费 | H4: 小计 | I4: 年终奖 | J4: 假期工资 | K4: 奖励金 | L4: 浮动其他 | M4: 小计 | O4: 固定工资 | P4: 浮动工资 | Q4: 合计 | X4: 固定工资 | Y4: =H15 -> 0
A5: 1 | B5: SOO BEE BEE | H5: =ROUND(SUM(C5:G5),0) -> 0 | M5: =ROUND(SUM(I5:L5),0) -> 0 | N5: =H5+M5 -> 0 | O5: =IF(H5<8000,H5*0.2,1600) -> 0 | P5: =M5*0.2 -> 0 | Q5: =ROUND(O5+P5,0) -> 0 | S5: =ROUND(Q5+R5,0) -> 0 | T5: =ROUND(N5-S5,0) -> 0 | V5: bbsoo@ccs.org.cn | X5: 浮动工资 | Y5: =M15 -> 0
A6: 2 | B6: WANG MINGMING | H6: =ROUND(SUM(C6:G6),0) -> 0 | M6: =ROUND(SUM(I6:L6),0) -> 0 | N6: =H6+M6 -> 0 | O6: =IF(H6<8000,H6*0.2,1600) -> 0 | P6: =M6*0.2 -> 0 | Q6: =ROUND(O6+P6,0) -> 0 | S6: =ROUND(Q6+R6,0) -> 0 | T6: =ROUND(N6-S6,0) -> 0 | V6: mmwang@ccs.org.cn | X6: 加班费（含在浮动工资里） | Y6: =K15 -> 0
A7: 3 | B7: SUN SHUAI | H7: =ROUND(SUM(C7:G7),0) -> 0 | M7: =ROUND(SUM(I7:L7),0) -> 0 | N7: =H7+M7 -> 0 | O7: =IF(H7<8000,H7*0.2,1600) -> 0 | P7: =M7*0.2 -> 0 | Q7: =ROUND(O7+P7,0) -> 0 | S7: =ROUND(Q7+R7,0) -> 0 | T7: =ROUND(N7-S7,0) -> 0 | V7: ssun@ccs.org.cn | X7: CPF（含固定工资、浮动工资） | Y7: =Q15 -> 0
A8: 4 | B8: BAI TING | H8: =ROUND(SUM(C8:G8),0) -> 0 | M8: =ROUND(SUM(I8:L8),0) -> 0 | N8: =H8+M8 -> 0 | O8: =IF(H8<8000,H8*0.2,1600) -> 0 | P8: =M8*0.2 -> 0 | Q8: =ROUND(O8+P8,0) -> 0 | S8: =ROUND(Q8+R8,0) -> 0 | T8: =ROUND(N8-S8,0) -> 0 | V8: tbai@ccs.org.cn | X8: 应发工资 | Y8: =Y4+Y5 -> 0
A9: 5 | B9: THAM KUAN CHIN | H9: =ROUND(SUM(C9:G9),0) -> 0 | M9: =ROUND(SUM(I9:L9),0) -> 0 | N9: =H9+M9 -> 0 | O9: =IF(H9<8000,H9*0.2,1600) -> 0 | P9: =M9*0.2 -> 0 | Q9: =ROUND(O9+P9,0) -> 0 | S9: =ROUND(Q9+R9,0) -> 0 | T9: =ROUND(N9-S9,0) -> 0 | V9: kctham@ccs.org.cn | X9: 扣CPF | Y9: =Q15 -> 0
A10: 6 | B10: LIU JUNZHAO | H10: =ROUND(SUM(C10:G10),0) -> 0 | M10: =ROUND(SUM(I10:L10),0) -> 0 | N10: =H10+M10 -> 0 | O10: =IF(H10<8000,H10*0.2,1600) -> 0 | P10: =M10*0.2 -> 0 | Q10: =ROUND(O10+P10,0) -> 0 | S10: =ROUND(Q10+R10,0) -> 0 | T10: =ROUND(N10-S10,0) -> 0 | V10: liujunzhao@ccs.org.cn | X10: 其他扣发 | Y10: =R15 -> 0
A11: 7 | B11: ZHENG WANGYUN | H11: =ROUND(SUM(C11:G11),0) -> 0 | M11: =ROUND(SUM(I11:L11),0) -> 0 | N11: =H11+M11 -> 0 | O11: =IF(H11<8000,H11*0.2,1600) -> 0 | P11: =M11*0.2 -> 0 | Q11: =ROUND(O11+P11,0) -> 0 | S11: =ROUND(Q11+R11,0) -> 0 | T11: =ROUND(N11-S11,0) -> 0 | V11: wyzheng@ccs.org.cn | X11: 扣发调整
A12: 8 | H12: =ROUND(SUM(C12:G12),0) -> 0 | M12: =ROUND(SUM(I12:L12),0) -> 0 | N12: =H12+M12 -> 0 | O12: =IF(H12<8000,H12*0.2,1600) -> 0 | P12: =M12*0.2 -> 0 | Q12: =ROUND(O12+P12,0) -> 0 | S12: =ROUND(Q12+R12,0) -> 0 | T12: =ROUND(N12-S12,0) -> 0 | X12: 属地员工/拟实发工资汇总 | Y12: =Y8-Y9-Y10+Y11 -> 0
A13: 9 | H13: =ROUND(SUM(C13:G13),0) -> 0 | M13: =ROUND(SUM(I13:L13),0) -> 0 | N13: =H13+M13 -> 0 | O13: =IF(H13<8000,H13*0.2,1600) -> 0 | P13: =M13*0.2 -> 0 | Q13: =ROUND(O13+P13,0) -> 0 | S13: =ROUND(Q13+R13,0) -> 0 | T13: =ROUND(N13-S13,0) -> 0 | X13: =IF(Y12-T15=0,"左右一致","与工资发放表（左表）汇总数不一致") -> 左右一致
H14: =ROUND(SUM(C14:G14),0) -> 0 | M14: =ROUND(SUM(I14:L14),0) -> 0 | N14: =H14+M14 -> 0 | O14: =IF(H14<8000,H14*0.2,1600) -> 0 | P14: =M14*0.2 -> 0 | Q14: =ROUND(O14+P14,0) -> 0 | S14: =ROUND(Q14+R14,0) -> 0 | T14: =ROUND(N14-S14,0) -> 0
A15: 合计 | C15: =SUM(C5:C14) -> 0 | D15: =SUM(D5:D14) -> 0 | E15: =SUM(E5:E14) -> 0 | F15: =SUM(F5:F14) -> 0 | G15: =SUM(G5:G14) -> 0 | H15: =SUM(H5:H14) -> 0 | I15: =SUM(I5:I14) -> 0 | J15: =SUM(J5:J14) -> 0 | ... T15: =SUM(T5:T14) -> 0
B24: 批准： | T24: 制表：

Sheet 属地员工-国际公司（分社代发）
A1: 中国船级社国际有限公司（暂由新加坡分社代发）
A2: 2026年1月份工资发放计算表（属地员工）-SGD
A3: 序号 | B3: 姓名 | C3: 固定工资类 | I3: 浮动工资类 | N3: 应发工资合计 | O3: 个人CPF扣除 | R3: 其他扣发 | S3: 扣发合计 | T3: 实发工资 | U3: 备注 | V3: 邮箱 | X3: 属地员工各项分类 | Y3: 左表汇总(SGD)
C4: 合同工资 | D4: 补贴 | E4: 驾车补贴 | F4: 外勤补贴 | G4: 加班费 | H4: 小计 | I4: 年终奖 | J4: 假期工资 | K4: 奖励金 | L4: 浮动其他 | M4: 小计 | O4: 固定工资 | P4: 浮动工资 | Q4: 合计 | X4: 固定工资 | Y4: =H14 -> 0
A5: 1 | B5: ZHANG HAO | H5: =ROUND(SUM(C5:G5),0) -> 0 | M5: =ROUND(SUM(I5:L5),0) -> 0 | N5: =H5+M5 -> 0 | O5: =IF(H5<8000,H5*0.2,1600) -> 0 | P5: =M5*0.2 -> 0 | Q5: =ROUND(O5+P5,0) -> 0 | S5: =ROUND(Q5+R5,0) -> 0 | T5: =ROUND(N5-S5,0) -> 0 | V5: haozhang@ccs.org.cn | X5: 浮动工资 | Y5: =M14 -> 0
A6: 2 | H6: =ROUND(SUM(C6:G6),0) -> 0 | M6: =ROUND(SUM(I6:L6),0) -> 0 | N6: =H6+M6 -> 0 | O6: =IF(H6<8000,H6*0.2,1600) -> 0 | P6: =M6*0.2 -> 0 | Q6: =ROUND(O6+P6,0) -> 0 | S6: =ROUND(Q6+R6,0) -> 0 | T6: =ROUND(N6-S6,0) -> 0 | X6: 加班费（含在浮动工资里） | Y6: =K14 -> 0
A7: 3 | H7: =ROUND(SUM(C7:G7),0) -> 0 | M7: =ROUND(SUM(I7:L7),0) -> 0 | N7: =H7+M7 -> 0 | O7: =IF(H7<8000,H7*0.2,1600) -> 0 | P7: =M7*0.2 -> 0 | Q7: =ROUND(O7+P7,0) -> 0 | S7: =ROUND(Q7+R7,0) -> 0 | T7: =ROUND(N7-S7,0) -> 0 | X7: CPF（含固定工资、浮动工资） | Y7: =Q14 -> 0
A8: 4 | H8: =ROUND(SUM(C8:G8),0) -> 0 | M8: =ROUND(SUM(I8:L8),0) -> 0 | N8: =H8+M8 -> 0 | O8: =IF(H8<8000,H8*0.2,1600) -> 0 | P8: =M8*0.2 -> 0 | Q8: =ROUND(O8+P8,0) -> 0 | S8: =ROUND(Q8+R8,0) -> 0 | T8: =ROUND(N8-S8,0) -> 0 | X8: 应发工资 | Y8: =Y4+Y5 -> 0
A9: 5 | H9: =ROUND(SUM(C9:G9),0) -> 0 | M9: =ROUND(SUM(I9:L9),0) -> 0 | N9: =H9+M9 -> 0 | O9: =IF(H9<8000,H9*0.2,1600) -> 0 | P9: =M9*0.2 -> 0 | Q9: =ROUND(O9+P9,0) -> 0 | S9: =ROUND(Q9+R9,0) -> 0 | T9: =ROUND(N9-S9,0) -> 0 | X9: 扣CPF | Y9: =Q14 -> 0
A10: 6 | H10: =ROUND(SUM(C10:G10),0) -> 0 | M10: =ROUND(SUM(I10:L10),0) -> 0 | N10: =H10+M10 -> 0 | O10: =IF(H10<8000,H10*0.2,1600) -> 0 | P10: =M10*0.2 -> 0 | Q10: =ROUND(O10+P10,0) -> 0 | S10: =ROUND(Q10+R10,0) -> 0 | T10: =ROUND(N10-S10,0) -> 0 | X10: 其他扣发 | Y10: =R14 -> 0
A11: 7 | H11: =ROUND(SUM(C11:G11),0) -> 0 | M11: =ROUND(SUM(I11:L11),0) -> 0 | N11: =H11+M11 -> 0 | O11: =IF(H11<8000,H11*0.2,1600) -> 0 | P11: =M11*0.2 -> 0 | Q11: =ROUND(O11+P11,0) -> 0 | S11: =ROUND(Q11+R11,0) -> 0 | T11: =ROUND(N11-S11,0) -> 0 | X11: 扣发调整
A12: 8 | H12: =ROUND(SUM(C12:G12),0) -> 0 | M12: =ROUND(SUM(I12:L12),0) -> 0 | N12: =H12+M12 -> 0 | O12: =IF(H12<8000,H12*0.2,1600) -> 0 | P12: =M12*0.2 -> 0 | Q12: =ROUND(O12+P12,0) -> 0 | S12: =ROUND(Q12+R12,0) -> 0 | T12: =ROUND(N12-S12,0) -> 0 | X12: 属地员工/拟实发工资汇总 | Y12: =Y8-Y9-Y10+Y11 -> 0
A13: 9 | H13: =ROUND(SUM(C13:G13),0) -> 0 | M13: =ROUND(SUM(I13:L13),0) -> 0 | N13: =H13+M13 -> 0 | O13: =IF(H13<8000,H13*0.2,1600) -> 0 | P13: =M13*0.2 -> 0 | Q13: =ROUND(O13+P13,0) -> 0 | S13: =ROUND(Q13+R13,0) -> 0 | T13: =ROUND(N13-S13,0) -> 0 | X13: =IF(Y12-T14=0,"左右一致","与工资发放表（左表）汇总数不一致") -> 左右一致
A14: 合计 | C14: =SUM(C5:C13) -> 0 | D14: =SUM(D5:D13) -> 0 | E14: =SUM(E5:E13) -> 0 | F14: =SUM(F5:F13) -> 0 | G14: =SUM(G5:G13) -> 0 | H14: =SUM(H5:H13) -> 0 | I14: =SUM(I5:I13) -> 0 | J14: =SUM(J5:J13) -> 0 | ... T14: =SUM(T5:T13) -> 0
B20: 批准： | T20: 制表：

Sheet 属地员工-国际公司
A1: 中国船级社国际有限公司
A2: 2026年1月份工资发放计算表（属地员工）-SGD
A3: 序号 | B3: 姓名 | C3: 固定工资类 | I3: 浮动工资类 | N3: 应发工资合计 | O3: 个人CPF扣除 | R3: 其他扣发 | S3: 扣发合计 | T3: 实发工资 | U3: 备注 | V3: 邮箱 | X3: 属地员工各项分类 | Y3: 左表汇总(SGD)
C4: 合同工资 | D4: 补贴 | E4: 驾车补贴 | F4: 外勤补贴 | G4: 加班费 | H4: 小计 | I4: 年终奖 | J4: 假期工资 | K4: 奖励金 | L4: 浮动其他 | M4: 小计 | O4: 固定工资 | P4: 浮动工资 | Q4: 合计 | X4: 固定工资 | Y4: =H14 -> 4200
A5: 1 | B5: TEO YU JENG | C5: 2000 | D5: 50 | E5: 0 | F5: 100 | G5: 0 | H5: =ROUND(SUM(C5:G5),0) -> 2150 | I5: 5000 | M5: =ROUND(SUM(I5:L5),0) -> 5000 | N5: =H5+M5 -> 7150 | O5: =IF(H5<8000,H5*0.2,1600) -> 430 | P5: =M5*0.2 -> 1000 | Q5: =ROUND(O5+P5,0) -> 1430 | S5: =ROUND(Q5+R5,0) -> 1430 | T5: =ROUND(N5-S5,0) -> 5720 | V5: yjteo@ccs.org.cn | X5: 浮动工资 | Y5: =M14 -> 6000
A6: 2 | B6: WU SHENGQI | C6: 2000 | D6: 50 | E6: 0 | F6: 0 | G6: 0 | H6: =ROUND(SUM(C6:G6),0) -> 2050 | J6: 200 | M6: 1000 | N6: =H6+M6 -> 3050 | O6: =IF(H6<8000,H6*0.075,600) -> 153.75 | P6: =M6*0.075 -> 75 | Q6: =ROUND(O6+P6,0) -> 229 | S6: =ROUND(Q6+R6,0) -> 229 | T6: =ROUND(N6-S6,0) -> 2821 | V6: wushengqi@ccs.org.cn | X6: 加班费（含在浮动工资里） | Y6: =K14 -> 0
A7: 3 | H7: =ROUND(SUM(C7:G7),0) -> 0 | M7: =ROUND(SUM(I7:L7),0) -> 0 | N7: =H7+M7 -> 0 | O7: =IF(H7<8000,H7*0.2,1600) -> 0 | P7: =M7*0.2 -> 0 | Q7: =ROUND(O7+P7,0) -> 0 | S7: =ROUND(Q7+R7,0) -> 0 | T7: =ROUND(N7-S7,0) -> 0 | X7: CPF（含固定工资、浮动工资） | Y7: =Q14 -> 1659
A8: 4 | H8: =ROUND(SUM(C8:G8),0) -> 0 | M8: =ROUND(SUM(I8:L8),0) -> 0 | N8: =H8+M8 -> 0 | O8: =IF(H8<8000,H8*0.2,1600) -> 0 | P8: =M8*0.2 -> 0 | Q8: =ROUND(O8+P8,0) -> 0 | S8: =ROUND(Q8+R8,0) -> 0 | T8: =ROUND(N8-S8,0) -> 0 | X8: 应发工资 | Y8: =Y4+Y5 -> 10200
A9: 5 | H9: =ROUND(SUM(C9:G9),0) -> 0 | M9: =ROUND(SUM(I9:L9),0) -> 0 | N9: =H9+M9 -> 0 | O9: =IF(H9<8000,H9*0.2,1600) -> 0 | P9: =M9*0.2 -> 0 | Q9: =ROUND(O9+P9,0) -> 0 | S9: =ROUND(Q9+R9,0) -> 0 | T9: =ROUND(N9-S9,0) -> 0 | X9: 扣CPF | Y9: =Q14 -> 1659
A10: 6 | H10: =ROUND(SUM(C10:G10),0) -> 0 | M10: =ROUND(SUM(I10:L10),0) -> 0 | N10: =H10+M10 -> 0 | O10: =IF(H10<8000,H10*0.2,1600) -> 0 | P10: =M10*0.2 -> 0 | Q10: =ROUND(O10+P10,0) -> 0 | S10: =ROUND(Q10+R10,0) -> 0 | T10: =ROUND(N10-S10,0) -> 0 | X10: 其他扣发 | Y10: =R14 -> 0
A11: 7 | H11: =ROUND(SUM(C11:G11),0) -> 0 | M11: =ROUND(SUM(I11:L11),0) -> 0 | N11: =H11+M11 -> 0 | O11: =IF(H11<8000,H11*0.2,1600) -> 0 | P11: =M11*0.2 -> 0 | Q11: =ROUND(O11+P11,0) -> 0 | S11: =ROUND(Q11+R11,0) -> 0 | T11: =ROUND(N11-S11,0) -> 0 | X11: 扣发调整
A12: 8 | H12: =ROUND(SUM(C12:G12),0) -> 0 | M12: =ROUND(SUM(I12:L12),0) -> 0 | N12: =H12+M12 -> 0 | O12: =IF(H12<8000,H12*0.2,1600) -> 0 | P12: =M12*0.2 -> 0 | Q12: =ROUND(O12+P12,0) -> 0 | S12: =ROUND(Q12+R12,0) -> 0 | T12: =ROUND(N12-S12,0) -> 0 | X12: 属地员工/拟实发工资汇总 | Y12: =Y8-Y9-Y10+Y11 -> 8541
A13: 9 | H13: =ROUND(SUM(C13:G13),0) -> 0 | M13: =ROUND(SUM(I13:L13),0) -> 0 | N13: =H13+M13 -> 0 | O13: =IF(H13<8000,H13*0.2,1600) -> 0 | P13: =M13*0.2 -> 0 | Q13: =ROUND(O13+P13,0) -> 0 | S13: =ROUND(Q13+R13,0) -> 0 | T13: =ROUND(N13-S13,0) -> 0 | X13: =IF(Y12-T14=0,"左右一致","与工资发放表（左表）汇总数不一致") -> 左右一致
A14: 合计 | C14: =SUM(C5:C13) -> 4000 | D14: =SUM(D5:D13) -> 100 | E14: =SUM(E5:E13) -> 0 | F14: =SUM(F5:F13) -> 100 | G14: =SUM(G5:G13) -> 0 | H14: =SUM(H5:H13) -> 4200 | I14: =SUM(I5:I13) -> 5000 | J14: =SUM(J5:J13) -> 200 | ... T14: =SUM(T5:T13) -> 8541
B20: 批准： | T20: 制表：

Sheet Sheet1
A5: 1 | B5: Name of Employer | C5: China Classification Society International Pte Ltd
A6: 2 | B6: 姓名 | C6: Wu Shengqi
A7: 5 | B7: Pay Period | C7: 1 Jan 2026 - 31 Jan 2026
B10: 项目 | C10: 金额
A11: 4 | B11: 固定工资 | C11: =_xlfn.XLOOKUP(C6,'属地员工-国际公司'!B6,'属地员工-国际公司'!H6,0) -> 2050
A12: 6 | B12: 补贴 | C12: =_xlfn.XLOOKUP(C6,'属地员工-国际公司'!B6,'属地员工-国际公司'!D6,0) -> 50
A13: 6 | B13: 驾车 | C13: =_xlfn.XLOOKUP(C6,'属地员工-国际公司'!B6,'属地员工-国际公司'!E6,0) -> 0
A14: 6 | B14: 外勤 | C14: =_xlfn.XLOOKUP(C6,'属地员工-国际公司'!B6,'属地员工-国际公司'!F6,0) -> 0
A15: 9,10,11 | B15: 加班 (hours x $$) | C15: =_xlfn.XLOOKUP(C6,'属地员工-国际公司'!B6,'属地员工-国际公司'!G6,0) -> 0
B16: 小计 | C16: =_xlfn.XLOOKUP(C6,'属地员工-国际公司'!B6,'属地员工-国际公司'!H6,0) -> 2050
A18: 7 | B18: 年终奖 | C18: =_xlfn.XLOOKUP(C6,'属地员工-国际公司'!B6,'属地员工-国际公司'!I6,0) -> 0
A19: 7 | B19: 假期工资 | C19: =_xlfn.XLOOKUP(C6,'属地员工-国际公司'!B6,'属地员工-国际公司'!J6,0) -> 200
A20: 7 | B20: 奖励金 | C20: =_xlfn.XLOOKUP(C6,'属地员工-国际公司'!B6,'属地员工-国际公司'!K6,0) -> 0
A21: 7 | B21: 浮动其他 | C21: =_xlfn.XLOOKUP(C6,'属地员工-国际公司'!B6,'属地员工-国际公司'!L6,0) -> 0
B22: 小计 | C22: =_xlfn.XLOOKUP(C6,'属地员工-国际公司'!B6,'属地员工-国际公司'!M6) -> 1000
B23: 应发工资 | C23: =C16+C22 -> 3050
A25: 8 | B25: 扣除
A26: 8 | B26: 个人CPF | C26: =_xlfn.XLOOKUP(C6,'属地员工-国际公司'!B6,'属地员工-国际公司'!Q6,0) -> 229
B28: 扣发合计
A31: 12 | B31: 实发工资 | C31: =_xlfn.XLOOKUP(C6,'属地员工-国际公司'!B6,'属地员工-国际公司'!T6,0) -> 2821
A34: 3 | B34: Date of Payment | C34: 手动
